code,name,formula,family,kyoto,AR4,AR5,AR6,desnz_name
CO2,Carbon dioxide,CO2,CO2,1,1,1,1,Carbon dioxide
CH4,Methane (non-fossil),CH4,CH4,1,25,28,27.0,Methane
CH4_fossil,Methane (fossil),CH4,CH4,1,25,28,29.8,
N2O,Nitrous oxide,N2O,N2O,1,298,265,273,Nitrous oxide
NF3,Nitrogen trifluoride,NF3,NF3,1,17200,16100,17400,Nitrogen trifluoride
SF6,Sulphur hexafluoride,SF6,SF6,1,22800,23500,24300,Sulphur hexafluoride (SF6)
SF5CF3,Trifluoromethyl sulphur pentafluoride,SF5CF3,Other,0,17700,17400,18500,Trifluoromethyl sulphur pentafluoride
HFC-23,HFC-23,CHF3,HFC,1,14800,12400,14600,HFC-23
HFC-32,HFC-32,CH2F2,HFC,1,675,677,771,HFC-32
HFC-41,HFC-41,CH3F,HFC,1,92,116,135,HFC-41
HFC-125,HFC-125,CHF2CF3,HFC,1,3500,3170,3740,HFC-125
HFC-134,HFC-134,CHF2CHF2,HFC,1,1100,1120,1260,HFC-134
HFC-134a,HFC-134a,CH2FCF3,HFC,1,1430,1300,1530,HFC-134a
HFC-143,HFC-143,CH2FCHF2,HFC,1,353,328,364,HFC-143
HFC-143a,HFC-143a,CH3CF3,HFC,1,4470,4800,5810,HFC-143a
HFC-152,HFC-152,CH2FCH2F,HFC,1,53,16,21.5,HFC-152
HFC-152a,HFC-152a,CH3CHF2,HFC,1,124,138,164,HFC-152a
HFC-161,HFC-161,CH3CH2F,HFC,1,12,4,4.84,HFC-161
HFC-227ea,HFC-227ea,CF3CHFCF3,HFC,1,3220,3350,3600,HFC-227ea
HFC-236cb,HFC-236cb,CH2FCF2CF3,HFC,1,1340,1210,1350,HFC-236cb
HFC-236ea,HFC-236ea,CHF2CHFCF3,HFC,1,1370,1330,1500,HFC-236ea
HFC-236fa,HFC-236fa,CF3CH2CF3,HFC,1,9810,8060,8690,HFC-236fa
HFC-245ca,HFC-245ca,CH2FCF2CHF2,HFC,1,693,716,787,HFC-245ca
HFC-245fa,HFC-245fa,CHF2CH2CF3,HFC,1,1030,858,962,HFC-245fa
HFC-365mfc,HFC-365mfc,CH3CF2CH2CF3,HFC,1,794,804,914,HFC-365mfc
HFC-43-10mee,HFC-43-10mee,CF3CHFCHFCF2CF3,HFC,1,1640,1650,1600,HFC-43-I0mee
PFC-14,Perfluoromethane (PFC-14),CF4,PFC,1,7390,6630,7380,Perfluoromethane (PFC-14)
PFC-116,Perfluoroethane (PFC-116),C2F6,PFC,1,12200,11100,12400,Perfluoroethane (PFC-116)
PFC-218,Perfluoropropane (PFC-218),C3F8,PFC,1,8830,8900,9290,Perfluoropropane (PFC-218)
PFC-318,Perfluorocyclobutane (PFC-318),c-C4F8,PFC,1,10300,9540,10200,Perfluorocyclobutane (PFC-318)
PFC-31-10,Perfluorobutane (PFC-3-1-10),C4F10,PFC,1,8860,9200,10000,Perfluorobutane (PFC-3-1-10)
PFC-41-12,Perfluoropentane (PFC-4-1-12),C5F12,PFC,1,9160,8550,9220,Perfluoropentane (PFC-4-1-12)
PFC-51-14,Perfluorohexane (PFC-5-1-14),C6F14,PFC,1,9300,7910,8620,Perfluorohexane (PFC-5-1-14)
PFC-91-18,Perfluorodecalin (PFC-9-1-18),C10F18,PFC,1,7500,7190,7480,PFC-9-1-18
CFC-11,CFC-11 (R-11),CCl3F,CFC,0,4750,4660,6230,CFC-11/R11 = trichlorofluoromethane
CFC-12,CFC-12 (R-12),CCl2F2,CFC,0,10900,10200,12500,CFC-12/R12 = dichlorodifluoromethane
CFC-13,CFC-13,CClF3,CFC,0,14400,13900,16200,CFC-13
CFC-113,CFC-113,CCl2FCClF2,CFC,0,6130,5820,6520,CFC-113
CFC-114,CFC-114,CClF2CClF2,CFC,0,10000,8590,9430,CFC-114
CFC-115,CFC-115,CClF2CF3,CFC,0,7370,7670,9600,CFC-115
Halon-1211,Halon-1211,CBrClF2,Halon,0,1890,1750,1930,Halon-1211
Halon-1301,Halon-1301,CBrF3,Halon,0,7140,6290,7200,Halon-1301
Halon-2402,Halon-2402,CBrF2CBrF2,Halon,0,1640,1470,2170,Halon-2402
CCl4,Carbon tetrachloride,CCl4,Other,0,1400,1730,2200,Carbon tetrachloride
CH3Br,Methyl bromide,CH3Br,Other,0,5,2,2.43,Methyl bromide
CH3CCl3,Methyl chloroform,CH3CCl3,Other,0,146,160,161,Methyl chloroform
HCFC-21,HCFC-21,CHCl2F,HCFC,0,151,148,160,HCFC-21
HCFC-22,HCFC-22 (R-22),CHClF2,HCFC,0,1810,1760,1960,HCFC-22/R22 = chlorodifluoromethane
HCFC-123,HCFC-123,CHCl2CF3,HCFC,0,77,79,90.4,HCFC-123
HCFC-124,HCFC-124,CHClFCF3,HCFC,0,609,527,597,HCFC-124
HCFC-141b,HCFC-141b,CH3CCl2F,HCFC,0,725,782,860,HCFC-141b
HCFC-142b,HCFC-142b,CH3CClF2,HCFC,0,2310,1980,2300,HCFC-142b
HCFC-225ca,HCFC-225ca,CHCl2CF2CF3,HCFC,0,122,127,137,HCFC-225ca
HCFC-225cb,HCFC-225cb,CHClFCF2CClF2,HCFC,0,595,525,568,HCFC-225cb
PFPMIE,PFPMIE,CF3OCF(CF3)CF2OCF2OCF3,Other,0,10300,9710,10300,PFPMIE
CH3Cl,Methyl chloride,CH3Cl,Other,0,13,12,5.54,Methyl chloride
CH2Cl2,Methylene chloride,CH2Cl2,Other,0,8.7,9,11.2,Methylene chloride
R290,Propane (R-290),C3H8,Hydrocarbon,0,3,0.06,0.06,R290 = propane
R600,Butane (R-600),C4H10,Hydrocarbon,0,4,0.006,0.006,R600 = butane
R600a,Isobutane (R-600a),C4H10,Hydrocarbon,0,3,3,3,R600A = isobutane
R601,Pentane (R-601),C5H12,Hydrocarbon,0,5,5,5,R601 = pentane
R601a,Isopentane (R-601a),C5H12,Hydrocarbon,0,5,5,5,R601A = isopentane
R170,Ethane (R-170),C2H6,Hydrocarbon,0,6,0.437,0.437,R170 = ethane
R1270,Propene (R-1270),C3H6,Hydrocarbon,0,2,2,2,R1270 = propene
HFO-1234yf,HFO-1234yf,CF3CF=CH2,HFO,0,1,1,0.501,R1234yf*
HFO-1234ze,HFO-1234ze(E),CF3CH=CHF,HFO,0,1,1,1.37,R1234ze*
DME,Dimethyl ether,CH3OCH3,Other,0,1,1,1,Dimethylether
CO2_biogenic,Carbon dioxide (biogenic),CO2,CO2,0,1,1,1,
